sponsor_id,name
5848,"Alma Allen"
5849,"Roberto Alonzo"
5850,"Carol Alvarado"
5851,"Rafael Anchia"
5852,"Charles Anderson"
5853,"Jimmie Aycock"
5854,"Leo Berman"
5855,"Dwayne Bohac"
5856,"Valinda Bolton"
5857,"Dennis Bonnen"
5858,"Daniel Branch"
5859,"Betty Brown"
5860,"Fred Brown"
5861,"Lon Burnam"
5862,"Angie Button"
5863,"William Callegari"
5864,"Joaquin Castro"
5865,"Norma Chavez"
5866,"Warren Chisum"
5867,"Wayne Christian"
5868,"Ellen Cohen"
5869,"Garnet Coleman"
5870,"Byron Cook"
5871,"Frank Corte"
5873,"Joe Crabb"
5874,"Tom Craddick"
5875,"Charles Creighton"
5876,"Myra Crownover"
5877,"Drew Darby"
5878,"John Davis"
5879,"Yvonne Davis"
5880,"Joe Deshotel"
5881,"Joe Driver"
5882,"Dawnna Dukes"
5883,"Jim Dunnam"
5884,"Harold Dutton"
5885,"Al Edwards"
5886,"Craig Eiland"
5887,"Rob Eissler"
5888,"Gary Elkins"
5889,"Kirk England"
5890,"David Farabee"
5891,"Joe Farias"
5892,"Jessica Farrar"
5893,"Allen Fletcher"
5894,"Kino Flores"
5895,"Dan Flynn"
5896,"Stephen Frost"
5897,"Pete Gallego"
5898,"Dan Gattis"
5899,"Charlie Geren"
5900,"Helen Giddings"
5901,"Veronica Gonzales"
5902,"Yvonne Toureilles"
5903,"Ryan Guillen"
5904,"Roland Gutierrez"
5905,"Mike Hamilton"
5906,"Kelly Hancock"
5907,"Rick Hardcastle"
5908,"Patricia Harless"
5909,"Linda Harper-Brown"
5910,"Will Hartnett"
5911,"Joe Heflin"
5912,"Ana Hernandez"
5913,"Abel Herrero"
5914,"Harvey Hilderbran"
5915,"Scott Hochberg"
5916,"Terri Hodge"
5917,"Mark Homer"
5918,"Charles Hopson"
5919,"Charlie Howard"
5920,"Donna Howard"
5921,"Bryan Hughes"
5922,"Todd Hunter"
5923,"Carl Isett"
5924,"Jim Jackson"
5926,"Delwin Jones"
5927,"James Keffer"
5928,"Carol Kent"
5929,"Phil King"
5930,"Susan King"
5931,"Tracy King"
5932,"Tim Kleinschmidt"
5933,"Lois Kolkhorst"
5934,"John Kuempel"
5935,"Jodie Laubenberg"
5936,"Ken Legler"
5937,"David Leibowitz"
5938,"Tryon Lewis"
5939,"Eddie Lucio"
5940,"Jerry Madden"
5941,"Diana Maldonado"
5942,"Barbara Caraway"
5943,"Marisa Marquez"
5944,"Trey Fischer"
5945,"Armando Martinez"
5946,"Brian McCall"
5947,"Ruth McClendon"
5948,"Jim McReynolds"
5949,"Jose Menendez"
5950,"Thomas Merritt"
5951,"Robert Miklos"
5952,"Doug Miller"
5953,"Sid Miller"
5954,"Joseph Moody"
5955,"Geanie Morrison"
5956,"Elliott Naishtat"
5957,"Rene Oliveira"
5958,"Dora Olivo"
5959,"Rob Orr"
5960,"Solomon Ortiz"
5961,"John Otto"
5962,"Tan Parker"
5963,"Diane Patrick"
5964,"Kenneth Paxton"
5965,"Aaron Pena"
5966,"Larry Phillips"
5967,"Joe Pickett"
5968,"Paula Pierson"
5969,"Jim Pitts"
5970,"Chente Quintanilla"
5971,"Richard Raymond"
5972,"Debbie Riddle"
5973,"Tara Ybarra"
5974,"Allan Ritter"
5975,"Justin Rodriguez"
5976,"Patrick Rose"
5977,"Ralph Sheffield"
5978,"Mark Shelton"
5979,"John Smithee"
5980,"Todd Smith"
5981,"Wayne Smith"
5982,"Burt Solomons"
5983,"Mark Strama"
5984,"Joseph Straus"
5985,"David Swinford"
5986,"Larry Taylor"
5988,"Kristi Thibaut"
5989,"Senfronia Thompson"
5990,"Vicki Truitt"
5991,"Chris Turner"
5992,"Sylvester Turner"
5993,"Allen Vaught"
5994,"Marc Veasey"
5995,"Mike Villarreal"
5996,"Hubert Vo"
5997,"Armando Walle"
5998,"Randy Weber"
5999,"Beverly Woolley"
6000,"John Zerwas"
6001,"Kip Averitt"
6002,"John Carona"
6003,"Wendy Davis"
6004,"Robert Deuell"
6006,"Robert Duncan"
6007,"Rodney Ellis"
6008,"Kevin Eltife"
6009,"Craig Estes"
6010,"Troy Fraser"
6011,"Mario Gallegos"
6012,"Chris Harris"
6013,"Glenn Hegar"
6014,"Juan Hinojosa"
6015,"Joan Huffman"
6016,"James Jackson"
6017,"Eddie Lucio"
6018,"Jane Nelson"
6019,"Robert Nichols"
6020,"Steve Ogden"
6021,"Dan Patrick"
6022,"Kel Seliger"
6023,"Florence Shapiro"
6024,"Eliot Shapleigh"
6025,"Carlos Uresti"
6026,"Leticia Van De Putte"
6027,"Kirk Watson"
6028,"Earl Wentworth"
6029,"Royce West"
6030,"John Whitmire"
6031,"Tommy Williams"
6032,"Judith Zaffirini"
